row_idx,serial_no,article_id,s3_key
0,4313,art-4313-reuters-world-abd100987a4b4911be87554b232577a0,articles/art-4313-reuters-world-abd100987a4b4911be87554b232577a0.json
1,4314,art-4314-reuters-world-50c069b6d54942fc9dc535deaad88038,articles/art-4314-reuters-world-50c069b6d54942fc9dc535deaad88038.json
2,4315,art-4315-reuters-world-020df242ca3e4eff9c42ca24d090b10e,articles/art-4315-reuters-world-020df242ca3e4eff9c42ca24d090b10e.json
3,4316,art-4316-reuters-world-0fe82e2eca6340a9a1230883696a0201,articles/art-4316-reuters-world-0fe82e2eca6340a9a1230883696a0201.json
4,4317,art-4317-reuters-world-3155fc18a62d475d8d17cb51e051caee,articles/art-4317-reuters-world-3155fc18a62d475d8d17cb51e051caee.json
5,4318,art-4318-reuters-world-cbb2dc16c55342299d7589b552603dc2,articles/art-4318-reuters-world-cbb2dc16c55342299d7589b552603dc2.json
6,4319,art-4319-reuters-world-6207699890a847318237aec924f33a1c,articles/art-4319-reuters-world-6207699890a847318237aec924f33a1c.json
7,4320,art-4320-reuters-world-4aba8388a59a431789c9993266e23d87,articles/art-4320-reuters-world-4aba8388a59a431789c9993266e23d87.json
8,4321,art-4321-reuters-world-082f2c22fe874fca9fe001753fef3951,articles/art-4321-reuters-world-082f2c22fe874fca9fe001753fef3951.json
9,4322,art-4322-livemint-companies-7f6fd37f80d04052bf82fef8adbbcedf,articles/art-4322-livemint-companies-7f6fd37f80d04052bf82fef8adbbcedf.json
10,4323,art-4323-reuters-world-bb68abb1a0fb4e55a987f7ac24951617,articles/art-4323-reuters-world-bb68abb1a0fb4e55a987f7ac24951617.json
11,4324,art-4324-reuters-world-14c73b077f644e2095d804c97510fafa,articles/art-4324-reuters-world-14c73b077f644e2095d804c97510fafa.json
12,4325,art-4325-reuters-world-1049e5fd011a49d6afeeba223d0d3bf1,articles/art-4325-reuters-world-1049e5fd011a49d6afeeba223d0d3bf1.json
13,4326,art-4326-reuters-world-ca44c2a118d34a86b1a25d6db0d07e65,articles/art-4326-reuters-world-ca44c2a118d34a86b1a25d6db0d07e65.json
14,4327,art-4327-economic_times-technology-7204b5ed338a4557a004f839d6c7bf8c,articles/art-4327-economic_times-technology-7204b5ed338a4557a004f839d6c7bf8c.json
15,4328,art-4328-economic_times-technology-332fa6bd6278449f880db34298fe26fd,articles/art-4328-economic_times-technology-332fa6bd6278449f880db34298fe26fd.json
16,4329,art-4329-economic_times-technology-188f1b557d004413a333bb34b40a269b,articles/art-4329-economic_times-technology-188f1b557d004413a333bb34b40a269b.json
17,4330,art-4330-economic_times-technology-ff8844ba7f5f4266965cdc175e6f5f96,articles/art-4330-economic_times-technology-ff8844ba7f5f4266965cdc175e6f5f96.json
18,4331,art-4331-reuters-world-b3e4cf549b7a4f5c97ecb147640543a5,articles/art-4331-reuters-world-b3e4cf549b7a4f5c97ecb147640543a5.json
19,4332,art-4332-reuters-world-47f7ee2927694db793fcc0fc7eea6764,articles/art-4332-reuters-world-47f7ee2927694db793fcc0fc7eea6764.json
20,4333,art-4333-reuters-world-6899853afab1456bb571edae5d379d72,articles/art-4333-reuters-world-6899853afab1456bb571edae5d379d72.json
21,4334,art-4334-reuters-world-4244e18790c0400d82e7dbe9a38e71be,articles/art-4334-reuters-world-4244e18790c0400d82e7dbe9a38e71be.json
22,4335,art-4335-reuters-world-6d75e77a8b2b47f5b6ad13e1622443a4,articles/art-4335-reuters-world-6d75e77a8b2b47f5b6ad13e1622443a4.json
23,4336,art-4336-business_standard-world_news-ddbe2c7370a4492e9a7f61c383b7fda7,articles/art-4336-business_standard-world_news-ddbe2c7370a4492e9a7f61c383b7fda7.json
24,4337,art-4337-economic_times-technology-ddfdb2f0e6354cb8acb566ef8ef6c50a,articles/art-4337-economic_times-technology-ddfdb2f0e6354cb8acb566ef8ef6c50a.json
25,4338,art-4338-economic_times-technology-b24dedd488c4482898bc08d3729f0590,articles/art-4338-economic_times-technology-b24dedd488c4482898bc08d3729f0590.json
26,4339,art-4339-livemint-companies-7899e3f0ebae4574915a6108bf9da2c4,articles/art-4339-livemint-companies-7899e3f0ebae4574915a6108bf9da2c4.json
27,4340,art-4340-economic_times-technology-9e8848e84996460886f148cae16f2897,articles/art-4340-economic_times-technology-9e8848e84996460886f148cae16f2897.json
28,4341,art-4341-reuters-world-0269236d7d754e4a89fde1a228bd03ac,articles/art-4341-reuters-world-0269236d7d754e4a89fde1a228bd03ac.json
29,4342,art-4342-economic_times-technology-0ac5872445174addad1066cb832ef364,articles/art-4342-economic_times-technology-0ac5872445174addad1066cb832ef364.json
30,4343,art-4343-economic_times-technology-2a03b6fc5ae04cab88501223dcb01a5c,articles/art-4343-economic_times-technology-2a03b6fc5ae04cab88501223dcb01a5c.json
31,4344,art-4344-economic_times-technology-fac93f0251b5432289aeb636810da5e7,articles/art-4344-economic_times-technology-fac93f0251b5432289aeb636810da5e7.json
32,4345,art-4345-reuters-world-7a681c7a6c31475780b8bb100f79e565,articles/art-4345-reuters-world-7a681c7a6c31475780b8bb100f79e565.json
33,4346,art-4346-business_standard-technology-919b9e41e4a94ed082618abfacf3cf81,articles/art-4346-business_standard-technology-919b9e41e4a94ed082618abfacf3cf81.json
34,4347,art-4347-economic_times-technology-f9de967ae1c146299d3c7d933105d104,articles/art-4347-economic_times-technology-f9de967ae1c146299d3c7d933105d104.json
35,4348,art-4348-reuters-world-20e2d187a00e45e98ae71de9d01bf5af,articles/art-4348-reuters-world-20e2d187a00e45e98ae71de9d01bf5af.json
36,4349,art-4349-reuters-world-3eac2ca7d12b4baeb3a9c0edea3d820c,articles/art-4349-reuters-world-3eac2ca7d12b4baeb3a9c0edea3d820c.json
37,4350,art-4350-economic_times-technology-10993c50492c4e3f889a02a35684ce0d,articles/art-4350-economic_times-technology-10993c50492c4e3f889a02a35684ce0d.json
38,4351,art-4351-reuters-world-a4be2b13120c459ca73aac01a1975adf,articles/art-4351-reuters-world-a4be2b13120c459ca73aac01a1975adf.json
39,4352,art-4352-economic_times-technology-4b681e55f1a04663831fdba8cb4d8d25,articles/art-4352-economic_times-technology-4b681e55f1a04663831fdba8cb4d8d25.json
40,4353,art-4353-economic_times-technology-5c9972e430ce41c09452dee3f9df45da,articles/art-4353-economic_times-technology-5c9972e430ce41c09452dee3f9df45da.json
41,4354,art-4354-reuters-world-5a541b770ede464099073693d6344d2c,articles/art-4354-reuters-world-5a541b770ede464099073693d6344d2c.json
42,4355,art-4355-reuters-world-23c1a1b1cd664de785a7b202f0a55eaa,articles/art-4355-reuters-world-23c1a1b1cd664de785a7b202f0a55eaa.json
43,4356,art-4356-reuters-world-ad4af89a1629496ab6bffb04fc59465e,articles/art-4356-reuters-world-ad4af89a1629496ab6bffb04fc59465e.json
44,4357,art-4357-reuters-world-2ff818309da243b1aa5d7b34cc59bc7c,articles/art-4357-reuters-world-2ff818309da243b1aa5d7b34cc59bc7c.json
45,4358,art-4358-economic_times-technology-3c8eed1657ba4566ab7bd6afb079236f,articles/art-4358-economic_times-technology-3c8eed1657ba4566ab7bd6afb079236f.json
46,4359,art-4359-economic_times-technology-a312bc0c127446f998a7f407e90ab756,articles/art-4359-economic_times-technology-a312bc0c127446f998a7f407e90ab756.json
47,4360,art-4360-reuters-world-d61f25ac0b63498389cfa6ecf90c18f7,articles/art-4360-reuters-world-d61f25ac0b63498389cfa6ecf90c18f7.json
48,4361,art-4361-reuters-world-f603b2cbbf684630800819e7555cac49,articles/art-4361-reuters-world-f603b2cbbf684630800819e7555cac49.json
49,4362,art-4362-reuters-world-b847d0b28832434ab024c91e6187a2f3,articles/art-4362-reuters-world-b847d0b28832434ab024c91e6187a2f3.json
50,4363,art-4363-reuters-world-7c8af9dbe0aa45a5bcc7cb9dfbb1a6a5,articles/art-4363-reuters-world-7c8af9dbe0aa45a5bcc7cb9dfbb1a6a5.json
51,4364,art-4364-livemint-companies-e68e9b4ac72c4c1c8cd815eb6b4d8e0a,articles/art-4364-livemint-companies-e68e9b4ac72c4c1c8cd815eb6b4d8e0a.json
52,4365,art-4365-economic_times-industry-auto-e06f330fdf6943f1a91be00d24bd9726,articles/art-4365-economic_times-industry-auto-e06f330fdf6943f1a91be00d24bd9726.json
53,4366,art-4366-livemint-markets-be8be2a7f38d4ec2b5a540beeb9e834c,articles/art-4366-livemint-markets-be8be2a7f38d4ec2b5a540beeb9e834c.json
54,4367,art-4367-livemint-markets-46e6cf77723c4125bb6d0e5c122c4594,articles/art-4367-livemint-markets-46e6cf77723c4125bb6d0e5c122c4594.json
55,4368,art-4368-reuters-world-d3c98df2c9a4458c886c3a05cf5af9f5,articles/art-4368-reuters-world-d3c98df2c9a4458c886c3a05cf5af9f5.json
56,4369,art-4369-reuters-world-6fdb9a9febb440fcb7596a33199b2abd,articles/art-4369-reuters-world-6fdb9a9febb440fcb7596a33199b2abd.json
57,4370,art-4370-livemint-markets-84fa6a2f54234b25b8463c294a6ef73e,articles/art-4370-livemint-markets-84fa6a2f54234b25b8463c294a6ef73e.json
58,4371,art-4371-economic_times-markets-2423161c12d54e05a6cd41ff7e943929,articles/art-4371-economic_times-markets-2423161c12d54e05a6cd41ff7e943929.json
59,4372,art-4372-livemint-companies-473f7151180f4cecbc1b981523b4baa6,articles/art-4372-livemint-companies-473f7151180f4cecbc1b981523b4baa6.json
60,4373,art-4373-economic_times-markets-7832ceadc2d044c7b26ce5c4a684329d,articles/art-4373-economic_times-markets-7832ceadc2d044c7b26ce5c4a684329d.json
61,4374,art-4374-economic_times-markets-e2d946b124484c269fd36de9929a10a2,articles/art-4374-economic_times-markets-e2d946b124484c269fd36de9929a10a2.json
62,4375,art-4375-economic_times-technology-05b434729b594f01bd32f6db592bfcfe,articles/art-4375-economic_times-technology-05b434729b594f01bd32f6db592bfcfe.json
63,4376,art-4376-economic_times-markets-d720605cb2734995941b0d5a9f84bad5,articles/art-4376-economic_times-markets-d720605cb2734995941b0d5a9f84bad5.json
64,4377,art-4377-economic_times-industry-auto-862baeee6ec34e77a143f5a37d4b980a,articles/art-4377-economic_times-industry-auto-862baeee6ec34e77a143f5a37d4b980a.json
65,4378,art-4378-economic_times-markets-18bbf79445064dfe953a6cc421f2ea02,articles/art-4378-economic_times-markets-18bbf79445064dfe953a6cc421f2ea02.json
66,4379,art-4379-reuters-world-549e0a675e4045829c80f0194332879b,articles/art-4379-reuters-world-549e0a675e4045829c80f0194332879b.json
67,4380,art-4380-livemint-markets-3bda7f6cc870493f931e8ac4a21f03f1,articles/art-4380-livemint-markets-3bda7f6cc870493f931e8ac4a21f03f1.json
68,4381,art-4381-economic_times-technology-70c288d758504d579c5a76ac4efb973a,articles/art-4381-economic_times-technology-70c288d758504d579c5a76ac4efb973a.json
69,4382,art-4382-economic_times-markets-c7e11c7f0e294a98a878287078418a6e,articles/art-4382-economic_times-markets-c7e11c7f0e294a98a878287078418a6e.json
70,4383,art-4383-economic_times-markets-4ae8a07a89d546c6bc6438696edc87b4,articles/art-4383-economic_times-markets-4ae8a07a89d546c6bc6438696edc87b4.json
71,4384,art-4384-economic_times-markets-b7fd9cc01fdc4214aa1074946487c56a,articles/art-4384-economic_times-markets-b7fd9cc01fdc4214aa1074946487c56a.json
72,4385,art-4385-economic_times-technology-20183f156013488ebfa2ab86230c03c0,articles/art-4385-economic_times-technology-20183f156013488ebfa2ab86230c03c0.json
73,4386,art-4386-reuters-world-168ecc76cf654021aa5cbed8015679bb,articles/art-4386-reuters-world-168ecc76cf654021aa5cbed8015679bb.json
74,4387,art-4387-reuters-world-0339504edde8447c9c7bace60082a4b8,articles/art-4387-reuters-world-0339504edde8447c9c7bace60082a4b8.json
75,4388,art-4388-livemint-markets-f177d1f1d3a446aab5b1b0a525ae1f70,articles/art-4388-livemint-markets-f177d1f1d3a446aab5b1b0a525ae1f70.json
76,4389,art-4389-economic_times-markets-a4e5a4ea5a8749a1b7bab29fcf896a76,articles/art-4389-economic_times-markets-a4e5a4ea5a8749a1b7bab29fcf896a76.json
77,4390,art-4390-livemint-markets-d8329dc931364a5a8acba45f854bfe72,articles/art-4390-livemint-markets-d8329dc931364a5a8acba45f854bfe72.json
78,4391,art-4391-economic_times-markets-bab841cd7c444a68a97276f14cd18729,articles/art-4391-economic_times-markets-bab841cd7c444a68a97276f14cd18729.json
79,4392,art-4392-economic_times-markets-373a7f64ed1742be9300bb4d3be136b4,articles/art-4392-economic_times-markets-373a7f64ed1742be9300bb4d3be136b4.json
80,4393,art-4393-economic_times-markets-0ea4b97365db43a0b6997f19b913935d,articles/art-4393-economic_times-markets-0ea4b97365db43a0b6997f19b913935d.json
81,4394,art-4394-livemint-markets-ef94ab1a90a5448da07409b10488d352,articles/art-4394-livemint-markets-ef94ab1a90a5448da07409b10488d352.json
82,4395,art-4395-reuters-world-7835e2d4db6e4dd898e1f0c91c81132e,articles/art-4395-reuters-world-7835e2d4db6e4dd898e1f0c91c81132e.json
83,4396,art-4396-livemint-markets-9b4abbf194b94219acb39bb268eba78c,articles/art-4396-livemint-markets-9b4abbf194b94219acb39bb268eba78c.json
84,4397,art-4397-livemint-markets-362d7968637243b68a6ae7c27abe74f9,articles/art-4397-livemint-markets-362d7968637243b68a6ae7c27abe74f9.json
85,4398,art-4398-economic_times-markets-4da7209109bf4eaaa1f4c7b96782bf7f,articles/art-4398-economic_times-markets-4da7209109bf4eaaa1f4c7b96782bf7f.json
86,4399,art-4399-economic_times-markets-be770a3dc37c47a9a8647bf291b94bee,articles/art-4399-economic_times-markets-be770a3dc37c47a9a8647bf291b94bee.json
87,4400,art-4400-business_standard-world_news-c19ae29677294c48ac4ae0a5bf6f1d7a,articles/art-4400-business_standard-world_news-c19ae29677294c48ac4ae0a5bf6f1d7a.json
88,4401,art-4401-economic_times-markets-7c61511e7c104d7db3cd70d147816365,articles/art-4401-economic_times-markets-7c61511e7c104d7db3cd70d147816365.json
89,4402,art-4402-livemint-markets-410a24b548244990a2f5161e24994f90,articles/art-4402-livemint-markets-410a24b548244990a2f5161e24994f90.json
90,4403,art-4403-livemint-companies-6420254957d34c4da3f1e62978ff5048,articles/art-4403-livemint-companies-6420254957d34c4da3f1e62978ff5048.json
91,4404,art-4404-livemint-companies-28a178c0a6264706b96327940857e3de,articles/art-4404-livemint-companies-28a178c0a6264706b96327940857e3de.json
92,4405,art-4405-economic_times-markets-74073ca2e9904f919bec3e0c40f9e5c8,articles/art-4405-economic_times-markets-74073ca2e9904f919bec3e0c40f9e5c8.json
93,4406,art-4406-reuters-world-8551915eedb546aa8f7a4c44dc92c91b,articles/art-4406-reuters-world-8551915eedb546aa8f7a4c44dc92c91b.json
94,4407,art-4407-economic_times-markets-28bbbd0109be43ea9a15a31cc94d32e8,articles/art-4407-economic_times-markets-28bbbd0109be43ea9a15a31cc94d32e8.json
95,4408,art-4408-reuters-world-1a7ea7b2719e4ad38e815d492a083219,articles/art-4408-reuters-world-1a7ea7b2719e4ad38e815d492a083219.json
96,4409,art-4409-livemint-markets-346be4c82ef4461e82d410ba77f777aa,articles/art-4409-livemint-markets-346be4c82ef4461e82d410ba77f777aa.json
97,4410,art-4410-livemint-markets-168b665535c049d6ae2fab4b7d40da83,articles/art-4410-livemint-markets-168b665535c049d6ae2fab4b7d40da83.json
98,4411,art-4411-reuters-world-0186c02cd39d4291b2ab886af048c4cd,articles/art-4411-reuters-world-0186c02cd39d4291b2ab886af048c4cd.json
99,4412,art-4412-livemint-markets-191b1c32e8ec4fc18140bc9062516a33,articles/art-4412-livemint-markets-191b1c32e8ec4fc18140bc9062516a33.json
100,4413,art-4413-reuters-world-7f5ae131719e4ce189d425a33ab32648,articles/art-4413-reuters-world-7f5ae131719e4ce189d425a33ab32648.json
101,4414,art-4414-livemint-markets-d369534c5eb74cfb95b430b73e4bf385,articles/art-4414-livemint-markets-d369534c5eb74cfb95b430b73e4bf385.json
102,4415,art-4415-economic_times-markets-c41079c7dc7042338975e09fd5267fee,articles/art-4415-economic_times-markets-c41079c7dc7042338975e09fd5267fee.json
103,4416,art-4416-livemint-markets-2d82db47e9824a75bfefc198375ece13,articles/art-4416-livemint-markets-2d82db47e9824a75bfefc198375ece13.json
104,4417,art-4417-economic_times-markets-280a23c178144ed8a4d9b9e97d2f5e67,articles/art-4417-economic_times-markets-280a23c178144ed8a4d9b9e97d2f5e67.json
105,4418,art-4418-reuters-world-9b397ba762ab4a6c8cd2f9cf2dbf4707,articles/art-4418-reuters-world-9b397ba762ab4a6c8cd2f9cf2dbf4707.json
106,4419,art-4419-livemint-markets-aa0c6e4ae93641e3a5970afa3de82417,articles/art-4419-livemint-markets-aa0c6e4ae93641e3a5970afa3de82417.json
107,4420,art-4420-economic_times-technology-700f49a5df8947478141a84ac6817872,articles/art-4420-economic_times-technology-700f49a5df8947478141a84ac6817872.json
108,4421,art-4421-reuters-world-8588b9764e8240d3af1ac51cc749bf73,articles/art-4421-reuters-world-8588b9764e8240d3af1ac51cc749bf73.json
109,4422,art-4422-livemint-markets-d5d4695b949142199c0aacd3c05b8a17,articles/art-4422-livemint-markets-d5d4695b949142199c0aacd3c05b8a17.json
110,4423,art-4423-economic_times-markets-bd173e22dfab47b49ca6918692970895,articles/art-4423-economic_times-markets-bd173e22dfab47b49ca6918692970895.json
111,4424,art-4424-economic_times-technology-49bf2ae071224d7ba4e680337ff8835e,articles/art-4424-economic_times-technology-49bf2ae071224d7ba4e680337ff8835e.json
112,4425,art-4425-economic_times-markets-a5759ed19a474a03a204814fb7da86cc,articles/art-4425-economic_times-markets-a5759ed19a474a03a204814fb7da86cc.json
113,4426,art-4426-economic_times-markets-ccf977fa02904e83b527da74ef082db6,articles/art-4426-economic_times-markets-ccf977fa02904e83b527da74ef082db6.json
114,4427,art-4427-reuters-world-f89db6726f454524aa2e9dc9a3a6485b,articles/art-4427-reuters-world-f89db6726f454524aa2e9dc9a3a6485b.json
115,4428,art-4428-livemint-markets-e7d31139994b42f39744b584017f5b47,articles/art-4428-livemint-markets-e7d31139994b42f39744b584017f5b47.json
116,4429,art-4429-economic_times-markets-a7d66c2a70fe402fbe1ac1bdd8288c0e,articles/art-4429-economic_times-markets-a7d66c2a70fe402fbe1ac1bdd8288c0e.json
117,4430,art-4430-reuters-world-d9392ba39e064f8abbf1b50cf12b5a5d,articles/art-4430-reuters-world-d9392ba39e064f8abbf1b50cf12b5a5d.json
118,4431,art-4431-economic_times-markets-4ad0005f282041f0a50c1db81cf6ad8f,articles/art-4431-economic_times-markets-4ad0005f282041f0a50c1db81cf6ad8f.json
119,4432,art-4432-economic_times-markets-fa44f2e0867a4b3aaef86c23efbbbeac,articles/art-4432-economic_times-markets-fa44f2e0867a4b3aaef86c23efbbbeac.json
120,4433,art-4433-livemint-markets-fa5fb8e719bd4cd2ac187b81cdd9f12f,articles/art-4433-livemint-markets-fa5fb8e719bd4cd2ac187b81cdd9f12f.json
121,4434,art-4434-business_standard-companies-39a01aaa3a7a422697df63bc5d031efd,articles/art-4434-business_standard-companies-39a01aaa3a7a422697df63bc5d031efd.json
122,4435,art-4435-economic_times-markets-81822ea489544d7fb612e45367d6575d,articles/art-4435-economic_times-markets-81822ea489544d7fb612e45367d6575d.json
123,4436,art-4436-economic_times-markets-d07e710d16ed42b2948b6a5ef7d2012a,articles/art-4436-economic_times-markets-d07e710d16ed42b2948b6a5ef7d2012a.json
124,4437,art-4437-reuters-world-34437c88be484a26a009426d07ce1810,articles/art-4437-reuters-world-34437c88be484a26a009426d07ce1810.json
125,4438,art-4438-reuters-world-00771d183829440ca764cb3c57d51acd,articles/art-4438-reuters-world-00771d183829440ca764cb3c57d51acd.json
126,4439,art-4439-economic_times-markets-2d97a7fc6f7742e18b000519a28a897c,articles/art-4439-economic_times-markets-2d97a7fc6f7742e18b000519a28a897c.json
127,4440,art-4440-livemint-markets-ba4af9168b764388baf6c0b8a75c2956,articles/art-4440-livemint-markets-ba4af9168b764388baf6c0b8a75c2956.json
128,4441,art-4441-reuters-world-574a11f717f94a7e812906350f0a599e,articles/art-4441-reuters-world-574a11f717f94a7e812906350f0a599e.json
129,4442,art-4442-livemint-markets-508c8c1a7fca41189ad3ee27eb9033c0,articles/art-4442-livemint-markets-508c8c1a7fca41189ad3ee27eb9033c0.json
130,4443,art-4443-economic_times-markets-3dd7e2c1f2354f759c1c6971ed3fbee9,articles/art-4443-economic_times-markets-3dd7e2c1f2354f759c1c6971ed3fbee9.json
131,4444,art-4444-economic_times-markets-6635a557f6904ecaa64bab76cc3e435e,articles/art-4444-economic_times-markets-6635a557f6904ecaa64bab76cc3e435e.json
132,4445,art-4445-economic_times-markets-4a20e75cea47489c83555a119a6989fb,articles/art-4445-economic_times-markets-4a20e75cea47489c83555a119a6989fb.json
133,4446,art-4446-economic_times-technology-9b92577f3de04e35b357b89e07a4751d,articles/art-4446-economic_times-technology-9b92577f3de04e35b357b89e07a4751d.json
134,4447,art-4447-economic_times-markets-94a175a7d2194aa585506a2598bb61ba,articles/art-4447-economic_times-markets-94a175a7d2194aa585506a2598bb61ba.json
135,4448,art-4448-livemint-markets-8d7f1fdbdf424147be1fcda9adf35ebb,articles/art-4448-livemint-markets-8d7f1fdbdf424147be1fcda9adf35ebb.json
136,4449,art-4449-economic_times-markets-96252f232ed248aaa54717dee78dfdc7,articles/art-4449-economic_times-markets-96252f232ed248aaa54717dee78dfdc7.json
137,4450,art-4450-economic_times-markets-b6384aa41d1448769bb39e96e3494a6f,articles/art-4450-economic_times-markets-b6384aa41d1448769bb39e96e3494a6f.json
138,4451,art-4451-reuters-world-6ef7394c63854ac0b884f850aeae93ef,articles/art-4451-reuters-world-6ef7394c63854ac0b884f850aeae93ef.json
139,4452,art-4452-livemint-companies-ea59ca36b9b24fb0882e7239396cf5f1,articles/art-4452-livemint-companies-ea59ca36b9b24fb0882e7239396cf5f1.json
140,4453,art-4453-economic_times-technology-6dd4207e0eef424faec67ec0959ee1e2,articles/art-4453-economic_times-technology-6dd4207e0eef424faec67ec0959ee1e2.json
141,4454,art-4454-reuters-world-a8dafc5a66b94d938d4dcd1eba0e27cc,articles/art-4454-reuters-world-a8dafc5a66b94d938d4dcd1eba0e27cc.json
142,4455,art-4455-livemint-markets-b42327f1825e4cfc909dc78048d721e8,articles/art-4455-livemint-markets-b42327f1825e4cfc909dc78048d721e8.json
143,4456,art-4456-economic_times-markets-80672a6de5964017a2f49a63c3076e16,articles/art-4456-economic_times-markets-80672a6de5964017a2f49a63c3076e16.json
144,4457,art-4457-economic_times-technology-848d34f300ad4b4c93d09640e99cb770,articles/art-4457-economic_times-technology-848d34f300ad4b4c93d09640e99cb770.json
145,4458,art-4458-livemint-markets-ffe7223bd0b745faa154fa4a4760f4f3,articles/art-4458-livemint-markets-ffe7223bd0b745faa154fa4a4760f4f3.json
146,4459,art-4459-reuters-world-c0ca6b4440334fbfbca785beafd11b77,articles/art-4459-reuters-world-c0ca6b4440334fbfbca785beafd11b77.json
147,4460,art-4460-economic_times-technology-1eaf4a911084445ab1da9a32fd1ed496,articles/art-4460-economic_times-technology-1eaf4a911084445ab1da9a32fd1ed496.json
148,4461,art-4461-economic_times-markets-8be6598b7cde41d299f143c582a6936d,articles/art-4461-economic_times-markets-8be6598b7cde41d299f143c582a6936d.json
149,4462,art-4462-reuters-world-ee7674d30c874a10a7b830613b9e9b95,articles/art-4462-reuters-world-ee7674d30c874a10a7b830613b9e9b95.json
150,4463,art-4463-reuters-world-fe11b31417cf44df95c0438cddcb0736,articles/art-4463-reuters-world-fe11b31417cf44df95c0438cddcb0736.json
151,4464,art-4464-reuters-world-dfe448d2a1154d64878ee690a2d36606,articles/art-4464-reuters-world-dfe448d2a1154d64878ee690a2d36606.json
152,4465,art-4465-economic_times-technology-a8591dd1e9a14b14b643daf78dbc2c86,articles/art-4465-economic_times-technology-a8591dd1e9a14b14b643daf78dbc2c86.json
153,4466,art-4466-livemint-markets-88fd2ceaa1394cbd89f21dfe3d3a0ac2,articles/art-4466-livemint-markets-88fd2ceaa1394cbd89f21dfe3d3a0ac2.json
154,4467,art-4467-livemint-markets-f22d5b4eba3049b5958520f09b70f774,articles/art-4467-livemint-markets-f22d5b4eba3049b5958520f09b70f774.json
155,4468,art-4468-economic_times-markets-84c84d44273f45678f93fa24f0355543,articles/art-4468-economic_times-markets-84c84d44273f45678f93fa24f0355543.json
156,4469,art-4469-economic_times-technology-1c419cfed77149718592bd83fab06354,articles/art-4469-economic_times-technology-1c419cfed77149718592bd83fab06354.json
157,4470,art-4470-reuters-world-ddac9b53a31f4bcda9ca1546a6737881,articles/art-4470-reuters-world-ddac9b53a31f4bcda9ca1546a6737881.json
158,4471,art-4471-economic_times-technology-a0908cf2ac4c422794bf89582f8dde1a,articles/art-4471-economic_times-technology-a0908cf2ac4c422794bf89582f8dde1a.json
159,4472,art-4472-business_standard-companies-725fad15cf11417081073570ce079ab0,articles/art-4472-business_standard-companies-725fad15cf11417081073570ce079ab0.json
160,4473,art-4473-economic_times-technology-d95914460bb64778aa45962eddc47484,articles/art-4473-economic_times-technology-d95914460bb64778aa45962eddc47484.json
161,4474,art-4474-economic_times-technology-d15fc0154cc54adb8a8f3d4071cdd494,articles/art-4474-economic_times-technology-d15fc0154cc54adb8a8f3d4071cdd494.json
162,4475,art-4475-reuters-world-fa34cfe6acd544bba1812da7a53507b8,articles/art-4475-reuters-world-fa34cfe6acd544bba1812da7a53507b8.json
163,4476,art-4476-business_standard-industry-dc5c49d2adb647f1af15071c8f69467f,articles/art-4476-business_standard-industry-dc5c49d2adb647f1af15071c8f69467f.json
164,4477,art-4477-economic_times-technology-8bc8ddf30f5a4f91b4c3fc32628d6a81,articles/art-4477-economic_times-technology-8bc8ddf30f5a4f91b4c3fc32628d6a81.json
165,4478,art-4478-economic_times-markets-b90678364a0d43dcb8a1ef584962359b,articles/art-4478-economic_times-markets-b90678364a0d43dcb8a1ef584962359b.json
166,4479,art-4479-economic_times-industry-auto-5bd78ce8665a411d9f812c614f37387d,articles/art-4479-economic_times-industry-auto-5bd78ce8665a411d9f812c614f37387d.json
167,4480,art-4480-reuters-world-47eea0f9d13f4b588726b0efb7bef99d,articles/art-4480-reuters-world-47eea0f9d13f4b588726b0efb7bef99d.json
168,4481,art-4481-livemint-markets-f775f0ca5d944549a8019f3a5c507c76,articles/art-4481-livemint-markets-f775f0ca5d944549a8019f3a5c507c76.json
169,4482,art-4482-reuters-world-e398cf2e40f44f68854f3fdc207e0167,articles/art-4482-reuters-world-e398cf2e40f44f68854f3fdc207e0167.json
170,4483,art-4483-economic_times-markets-a1077941d1c64544b5392a843ddec47f,articles/art-4483-economic_times-markets-a1077941d1c64544b5392a843ddec47f.json
171,4484,art-4484-economic_times-markets-32a9afecc6d24a36821acdfc6364e20e,articles/art-4484-economic_times-markets-32a9afecc6d24a36821acdfc6364e20e.json
172,4485,art-4485-livemint-markets-bac7e48297c343ccb28cac9559de19ac,articles/art-4485-livemint-markets-bac7e48297c343ccb28cac9559de19ac.json
173,4486,art-4486-economic_times-technology-c017db32cca6493aba52d568e8c2ff95,articles/art-4486-economic_times-technology-c017db32cca6493aba52d568e8c2ff95.json
174,4487,art-4487-economic_times-technology-e5441276cf8b4048a7a2ad8774dd7156,articles/art-4487-economic_times-technology-e5441276cf8b4048a7a2ad8774dd7156.json
175,4488,art-4488-economic_times-markets-a77105c005004b5285f9dd8d2a7ae5fc,articles/art-4488-economic_times-markets-a77105c005004b5285f9dd8d2a7ae5fc.json
176,4489,art-4489-economic_times-markets-de7b232b32db4a97ba88dbb58f2d110d,articles/art-4489-economic_times-markets-de7b232b32db4a97ba88dbb58f2d110d.json
177,4490,art-4490-livemint-companies-a1cb7bc7ad104c81bf6f6493f48e99b3,articles/art-4490-livemint-companies-a1cb7bc7ad104c81bf6f6493f48e99b3.json
178,4491,art-4491-livemint-companies-13edcbd620c34ad189d500f25c9013b7,articles/art-4491-livemint-companies-13edcbd620c34ad189d500f25c9013b7.json
179,4492,art-4492-economic_times-technology-61fdf8c212a4435b966fc15cbddedc89,articles/art-4492-economic_times-technology-61fdf8c212a4435b966fc15cbddedc89.json
180,4493,art-4493-reuters-world-54ec5f8c9777402aaf4c60a8e843fe78,articles/art-4493-reuters-world-54ec5f8c9777402aaf4c60a8e843fe78.json
181,4494,art-4494-economic_times-markets-6161afbe2b2a4b21a55adad9b5c412a4,articles/art-4494-economic_times-markets-6161afbe2b2a4b21a55adad9b5c412a4.json
182,4495,art-4495-reuters-world-1514b8865b9e4f05ba03de42c44eed37,articles/art-4495-reuters-world-1514b8865b9e4f05ba03de42c44eed37.json
183,4496,art-4496-livemint-markets-47d17d3f64be429ba3ae43052548f487,articles/art-4496-livemint-markets-47d17d3f64be429ba3ae43052548f487.json
184,4497,art-4497-economic_times-technology-83108502414844b5b7356307491c2eda,articles/art-4497-economic_times-technology-83108502414844b5b7356307491c2eda.json
185,4498,art-4498-business_standard-companies-9b890a37f88c4e44bdd74fc448ae491d,articles/art-4498-business_standard-companies-9b890a37f88c4e44bdd74fc448ae491d.json
186,4499,art-4499-economic_times-technology-1e6d566aeaa9439aa0496d8d3acc87e1,articles/art-4499-economic_times-technology-1e6d566aeaa9439aa0496d8d3acc87e1.json
187,4500,art-4500-economic_times-markets-37b992e633d74ff4b03c6d0ffa32025f,articles/art-4500-economic_times-markets-37b992e633d74ff4b03c6d0ffa32025f.json
188,4501,art-4501-business_standard-companies-2c80e339991a4b65a6d31d00f7c141db,articles/art-4501-business_standard-companies-2c80e339991a4b65a6d31d00f7c141db.json
189,4502,art-4502-livemint-markets-1016855fe98d425d8d75e53b6c876a5e,articles/art-4502-livemint-markets-1016855fe98d425d8d75e53b6c876a5e.json
190,4503,art-4503-economic_times-technology-e8f6e979a92e404898f6bbd60b8b4c65,articles/art-4503-economic_times-technology-e8f6e979a92e404898f6bbd60b8b4c65.json
191,4504,art-4504-economic_times-markets-4548e48fb8094c90af2888dd4db81a59,articles/art-4504-economic_times-markets-4548e48fb8094c90af2888dd4db81a59.json
192,4505,art-4505-economic_times-markets-dd45589134304ed8bd6b652c50ad39c4,articles/art-4505-economic_times-markets-dd45589134304ed8bd6b652c50ad39c4.json
193,4506,art-4506-economic_times-markets-51350d01da344ca4acf25a92eed3d19c,articles/art-4506-economic_times-markets-51350d01da344ca4acf25a92eed3d19c.json
194,4507,art-4507-livemint-markets-f7f44ae78ba8482bac97653c736b3d8f,articles/art-4507-livemint-markets-f7f44ae78ba8482bac97653c736b3d8f.json
195,4508,art-4508-economic_times-markets-8c3fb74e543c49719cbad84b46327453,articles/art-4508-economic_times-markets-8c3fb74e543c49719cbad84b46327453.json
196,4509,art-4509-livemint-markets-8ea7857a2a4f4bae90b386313765b56e,articles/art-4509-livemint-markets-8ea7857a2a4f4bae90b386313765b56e.json
197,4510,art-4510-economic_times-technology-8a5b7b18c9b04e1d9e169967d9a78811,articles/art-4510-economic_times-technology-8a5b7b18c9b04e1d9e169967d9a78811.json
198,4511,art-4511-economic_times-markets-5987a3be37754a139c63727cc733f020,articles/art-4511-economic_times-markets-5987a3be37754a139c63727cc733f020.json
199,4512,art-4512-livemint-markets-cd5726700e104126a6a1009e6c19aefa,articles/art-4512-livemint-markets-cd5726700e104126a6a1009e6c19aefa.json
200,4513,art-4513-livemint-companies-ce0640e6378949f7b93323861c146e54,articles/art-4513-livemint-companies-ce0640e6378949f7b93323861c146e54.json
201,4514,art-4514-economic_times-technology-fc41dee045204fd2b88c9ee55094c4e4,articles/art-4514-economic_times-technology-fc41dee045204fd2b88c9ee55094c4e4.json
202,4515,art-4515-livemint-companies-b9606140211b4a9db4bd040a0f904b14,articles/art-4515-livemint-companies-b9606140211b4a9db4bd040a0f904b14.json
203,4516,art-4516-reuters-world-16a0f063e2d44e21bbd5fcf7c80d114d,articles/art-4516-reuters-world-16a0f063e2d44e21bbd5fcf7c80d114d.json
204,4517,art-4517-livemint-markets-818d892985934d85977510eab44ef3e1,articles/art-4517-livemint-markets-818d892985934d85977510eab44ef3e1.json
205,4518,art-4518-livemint-markets-97f5ea91e9ec4f309d4fedf67c74a1c2,articles/art-4518-livemint-markets-97f5ea91e9ec4f309d4fedf67c74a1c2.json
206,4519,art-4519-economic_times-markets-ef89c126b7dd45d5acc005b11c48ff36,articles/art-4519-economic_times-markets-ef89c126b7dd45d5acc005b11c48ff36.json
207,4520,art-4520-business_standard-companies-a86f943a1a1641519ab4be3d3cea0fe0,articles/art-4520-business_standard-companies-a86f943a1a1641519ab4be3d3cea0fe0.json
208,4521,art-4521-business_standard-companies-94400bb99c96407ea90e308cce197677,articles/art-4521-business_standard-companies-94400bb99c96407ea90e308cce197677.json
